BookingID,BookerName,MeetingRoom,BookingDate,BookingTime
10000,Zoe King,A,07/10/2025,09:00-10:00
10001,Yara Carter,B,07/10/2025,10:00-11:00
10002,Oscar Evans,C,07/10/2025,11:00-12:00
10003,Adam Smith,D,07/10/2025,12:00-13:00
10004,Will Bennett,A,07/10/2025,09:00-10:00
10005,Adam Evans,B,10/10/2025,10:00-11:00
10006,Katie Adams,C,10/10/2025,11:00-12:00
10007,Emma Bell,D,10/10/2025,12:00-13:00
10008,Yara Bailey,A,10/10/2025,09:00-10:00
10009,Violet Morris,B,10/10/2025,10:00-11:00
10010,Felix Rivera,C,11/10/2025,11:00-12:00
10011,Gavin Rogers,D,11/10/2025,12:00-13:00
10012,Peter Adams,A,11/10/2025,09:00-10:00
10013,Uma Bailey,B,11/10/2025,10:00-11:00
10014,Victor Price,C,11/10/2025,11:00-12:00
